elapsed_ms,working_bytes,private_bytes,peak_working_bytes,peak_paged_bytes,total_cpu_ms
47.021,2617344,1212416,2617344,1212416,15.625
314.837,261152768,260751360,261152768,260751360,250.000
581.409,667275264,682401792,667275264,682401792,515.625
847.939,822554624,847159296,822554624,847159296,781.250
1112.518,311771136,325103616,823685120,847159296,1046.875
1379.410,361443328,489095168,823685120,847159296,1312.500
1647.435,232894464,239529984,823685120,847159296,1578.125
1904.793,278278144,311074816,823685120,847159296,1843.750
2170.598,505577472,735670272,823685120,847159296,2109.375
2437.664,768397312,1004634112,823685120,1004687360,2375.000
2703.736,299470848,337006592,823685120,1004687360,2640.625
2973.026,305127424,341504000,823685120,1004687360,2906.250
3239.943,463183872,620060672,823685120,1004687360,3171.875
3510.416,701784064,889024512,823685120,1023528960,3453.125
3775.925,317059072,353218560,823685120,1023528960,3703.125
4044.852,317988864,353751040,823685120,1023528960,3968.750
4310.812,485675008,623255552,823685120,1023528960,4234.375
4575.785,712445952,892219392,823685120,1026756608,4500.000
4842.849,319098880,354816000,823685120,1026756608,4750.000
5106.873,319623168,355348480,823685120,1026756608,4984.375
5368.756,462827520,624320512,823685120,1026756608,5234.375
5634.413,696639488,893284352,823685120,1027792896,5500.000
5900.904,320720896,356413440,823685120,1027792896,5765.625
6166.942,321273856,359493632,823685120,1027792896,6031.250
6433.021,450629632,493985792,823685120,1027792896,6296.875
6699.809,787513344,1031913472,823685120,1031942144,6562.500
6967.285,321544192,360026112,823685120,1031942144,6812.500
7234.003,321552384,360026112,823685120,1031942144,7062.500
7497.973,409444352,495050752,823685120,1031942144,7328.125
7766.234,621002752,764014592,823685120,1031942144,7593.750
8032.612,322387968,360558592,823685120,1033019392,7859.375
8295.648,322387968,360558592,823685120,1033019392,8125.000
8563.130,334012416,377909248,823685120,1033019392,8375.000
8828.511,564375552,663691264,823685120,1033019392,8640.625
9095.443,322936832,361091072,823685120,1033568256,8906.250
9359.517,322936832,361091072,823685120,1033568256,9156.250
9626.089,323493888,361623552,823685120,1033568256,9406.250
9892.171,548208640,765612032,823685120,1033568256,9671.875
10160.074,690552832,900091904,823685120,1034596352,9937.500
10427.333,324292608,362688512,823685120,1034596352,10203.125
10695.827,324292608,362688512,823685120,1034596352,10468.750
10960.489,370057216,430465024,823685120,1034596352,10734.375
11227.521,602996736,699437056,823685120,1034596352,11000.000
11496.292,325242880,363220992,823685120,1035669504,11281.250
11765.391,325242880,363220992,823685120,1035669504,11531.250
12030.665,325353472,363220992,823685120,1035669504,11796.875
12297.390,471699456,632193024,823685120,1035669504,12062.500
12564.661,703504384,901156864,823685120,1035706368,12328.125
12832.352,326160384,364818432,823685120,1035706368,12593.750
13098.383,326160384,364818432,823685120,1035706368,12859.375
13364.997,353484800,399745024,823685120,1035706368,13125.000
13633.781,585887744,702332928,823685120,1035706368,13390.625
13903.774,327081984,366116864,823685120,1038598144,13671.875
14170.899,327081984,366116864,823685120,1038598144,13937.500
14438.267,327761920,366649344,823685120,1038598144,14203.125
14703.142,454664192,501141504,823685120,1038598144,14468.750
14972.506,790122496,1039069184,823685120,1039134720,14734.375
15240.117,328368128,367181824,823685120,1039134720,15000.000
15506.767,328368128,367181824,823685120,1039134720,15265.625
15776.824,329179136,368476160,823685120,1039134720,15546.875
16041.295,534724608,637448192,823685120,1039134720,15796.875
16305.930,761634816,906412032,823685120,1040941056,16062.500
16574.052,329170944,368476160,823685120,1040941056,16343.750
16842.003,329170944,368476160,823685120,1040941056,16609.375
17107.549,347684864,402104320,823685120,1040941056,16875.000
17372.924,575373312,671076352,823685120,1040941056,17140.625
17638.233,329519104,369008640,823685120,1040941056,17406.250
17904.087,329519104,369008640,823685120,1040941056,17671.875
18168.420,329519104,369008640,823685120,1040941056,17921.875
18435.079,362475520,403169280,823685120,1040941056,18187.500
18702.257,593514496,705757184,823685120,1040941056,18453.125
18967.654,330477568,369541120,823685120,1042018304,18718.750
19231.803,330477568,369541120,823685120,1042018304,18984.375
19499.235,330477568,369541120,823685120,1042018304,19250.000
19767.034,397365248,470945792,823685120,1042018304,19515.625
20034.491,595116032,706289664,823685120,1042018304,19781.250
20299.243,331014144,370073600,823685120,1042509824,20046.875
20566.082,331014144,370073600,823685120,1042509824,20312.500
20834.911,331014144,370073600,823685120,1042509824,20578.125
21100.792,354349056,404234240,823685120,1042509824,20843.750
21366.958,581431296,673206272,823685120,1042509824,21109.375
21628.183,332009472,371138560,823685120,1043070976,21375.000
21893.941,332009472,371138560,823685120,1043070976,21640.625
22162.140,332009472,371138560,823685120,1043070976,21906.250
22431.326,332795904,371671040,823685120,1043070976,22171.875
22701.045,560599040,649056256,823685120,1043070976,22453.125
22968.132,341913600,640643072,823685120,1044115456,22718.750
23228.386,333324288,372203520,823685120,1044115456,22984.375
23497.625,333324288,372203520,823685120,1044115456,23250.000
23765.726,333864960,372736000,823685120,1044115456,23500.000
24033.556,497590272,641658880,823685120,1044115456,23765.625
24300.054,728154112,910622720,823685120,1045143552,24031.250
24566.291,334880768,373751808,823685120,1045143552,24296.875
24833.916,334880768,373751808,823685120,1045143552,24562.500
25100.346,335421440,374284288,823685120,1045143552,24828.125
25361.003,433815552,508776448,823685120,1045143552,25093.750
25628.344,666050560,777740288,823685120,1045143552,25359.375
25894.532,335949824,374816768,825057280,1046724608,25625.000
26158.288,335949824,374816768,825057280,1046724608,25890.625
26422.040,335949824,374816768,825057280,1046724608,26156.250
26691.607,344576000,383680512,825057280,1046724608,26421.875
26958.354,570982400,661057536,825057280,1046724608,26687.500
27226.217,427585536,644239360,826318848,1047703552,26937.500
27494.067,337469440,376332288,826318848,1047703552,27203.125
27763.833,337469440,376332288,826318848,1047703552,27484.375
28031.539,337473536,376332288,826318848,1047703552,27750.000
28299.160,466698240,510824448,826318848,1047703552,28015.625
28568.586,786542592,1048752128,826318848,1048788992,28281.250
28838.199,338272256,377397248,827109376,1048788992,28546.875
29105.779,338272256,377397248,827109376,1048788992,28828.125
29373.676,338272256,377397248,827109376,1048788992,29093.750
29639.748,356638720,411754496,827109376,1048788992,29359.375
29905.560,579588096,680726528,827109376,1048788992,29625.000
30169.920,339271680,379092992,828256256,1050562560,29875.000
30436.820,339271680,379092992,828256256,1050562560,30140.625
30701.417,339271680,379092992,828256256,1050562560,30406.250
30967.816,339271680,379092992,828256256,1050562560,30671.875
31232.936,424882176,513585152,828256256,1050562560,30937.500
31502.115,660717568,782548992,828256256,1050562560,31203.125
31767.772,340140032,379625472,829005824,1051574272,31468.750
32032.710,340140032,379625472,829005824,1051574272,31734.375
32300.890,340140032,379625472,829005824,1051574272,32000.000
32567.929,340283392,379625472,829005824,1051574272,32265.625
32835.526,476659712,648597504,829005824,1051574272,32515.625
33102.209,705552384,917561344,830009344,1052073984,32781.250
33365.880,340541440,380157952,830009344,1052073984,33046.875
33630.078,340541440,380157952,830009344,1052073984,33312.500
33896.152,340541440,380157952,830009344,1052073984,33578.125
34164.593,340615168,380157952,830009344,1052073984,33843.750
34430.044,540889088,649129984,830009344,1052073984,34109.375
34699.481,767180800,918093824,830361600,1052585984,34390.625
34966.584,341446656,381222912,830361600,1052585984,34656.250
35234.033,341446656,381222912,830361600,1052585984,34921.875
35497.631,341446656,381222912,830361600,1052585984,35187.500
35764.954,352636928,398761984,830361600,1052585984,35453.125
36031.929,595111936,701358080,830361600,1052585984,35718.750
36297.579,341581824,381943808,831266816,1054392320,35984.375
36564.995,342056960,382476288,831266816,1054392320,36250.000
36829.859,342056960,382476288,831266816,1054392320,36500.000
37097.738,342056960,382476288,831266816,1054392320,36765.625
37363.991,361381888,432918528,831266816,1054392320,37031.250
37631.916,583393280,685076480,831266816,1054392320,37296.875
37900.365,342732800,383008768,831807488,1054957568,37578.125
38166.373,342732800,383008768,831807488,1054957568,37812.500
38435.325,342732800,383008768,831807488,1054957568,38078.125
38703.446,342732800,383008768,831807488,1054957568,38343.750
38970.839,342814720,383008768,831807488,1054957568,38609.375
39238.058,568205312,656191488,831807488,1054957568,38875.000
39505.273,452849664,651980800,832548864,1055465472,39140.625
39774.199,344186880,384606208,832548864,1055465472,39406.250
40040.681,344186880,384606208,832548864,1055465472,39671.875
40307.172,344186880,384606208,832548864,1055465472,39937.500
40572.026,344330240,384606208,832548864,1055465472,40187.500
40836.839,535425024,653578240,832548864,1055465472,40453.125
41102.618,757276672,922542080,834220032,1057083392,40718.750
41371.895,344461312,384606208,834220032,1057083392,41000.000
41640.188,344461312,384606208,834220032,1057083392,41265.625
41909.348,344461312,384606208,834220032,1057083392,41531.250
42176.169,344539136,384606208,834220032,1057083392,41796.875
42441.397,344825856,384606208,834220032,1057083392,42062.500
42710.913,542105600,655757312,834220032,1057083392,42328.125
42978.129,775704576,924721152,834560000,1059246080,42609.375
43245.480,349073408,391049216,834560000,1059246080,42875.000
43511.294,349073408,391049216,834560000,1059246080,43140.625
43779.831,349073408,391049216,834560000,1059246080,43406.250
44045.041,349073408,391049216,834560000,1059246080,43671.875
44311.918,391344128,458293248,834560000,1059246080,43937.500
44581.970,570331136,660021248,834560000,1059246080,44203.125
44850.713,349089792,391049216,834560000,1059246080,44468.750
45117.266,349089792,391049216,834560000,1059246080,44734.375
45384.344,349089792,391049216,834560000,1059246080,45000.000
45649.267,349089792,391049216,834560000,1059246080,45265.625
