elapsed_ms,private_bytes,working_set_bytes,os_peak_working_set_bytes
26.059,1142784,3387392,3387392
162.367,35655680,45187072,46366720
287.110,36077568,46845952,73117696
398.415,30220288,39731200,73117696
509.410,30167040,39972864,73363456
619.769,41984000,51945472,73363456
727.479,63852544,73560064,73625600
837.915,40292352,50528256,74936320
948.160,34209792,42831872,74989568
1057.905,36651008,43134976,74989568
1167.273,55140352,64536576,75051008
1276.851,30081024,40845312,75194368
1387.697,34050048,43507712,75788288
1496.739,44298240,53227520,75788288
1602.874,64724992,73682944,75788288
1711.252,40464384,51064832,75825152
1820.073,35614720,44552192,75825152
1930.518,63815680,72491008,75825152
2040.695,35856384,43450368,75931648
2150.330,34594816,43741184,75931648
2260.358,35487744,44257280,75931648
2370.365,43458560,51900416,75931648
2478.464,65142784,74440704,75931648
2588.398,39055360,46837760,75931648
2698.524,34263040,44691456,76312576
2808.023,64905216,72814592,76312576
2916.718,139841536,148738048,148738048
3024.285,269123584,274309120,274309120
3132.762,147886080,154664960,301056000
3242.587,74010624,79785984,301056000
3350.413,94154752,99680256,301056000
3459.774,83316736,75522048,301056000
3568.914,66203648,74862592,301056000
3680.230,72925184,77197312,301056000
3791.749,95633408,102281216,301056000
3899.437,82296832,88985600,301056000
4006.442,114896896,121696256,301056000
4116.560,69345280,78557184,301056000
4226.174,79671296,82718720,301056000
4336.147,104919040,111767552,301056000
4446.284,93274112,101761024,301056000
4555.276,116809728,122281984,301056000
4666.079,95686656,101847040,301056000
4774.879,117444608,124088320,301056000
4885.941,118181888,125911040,301056000
4996.921,91160576,97636352,301056000
5107.314,81645568,90365952,301056000
5214.211,89387008,91799552,301056000
5321.801,123047936,127926272,301056000
5429.426,72069120,81436672,301056000
5537.458,118996992,125812736,301056000
5646.159,111792128,118054912,301056000
5755.115,117739520,124932096,301056000
5864.967,118788096,126308352,301056000
5974.121,123006976,129908736,301056000
6082.809,79355904,89018368,301056000
6192.469,119742464,125493248,301056000
6317.155,119771136,127102976,301056000
6426.613,119930880,128139264,301056000
6537.053,126271488,130736128,301056000
6645.446,119988224,128278528,301056000
6755.478,119992320,127713280,301056000
6865.674,120004608,127901696,301056000
6974.913,120004608,128307200,301056000
7083.186,119980032,124624896,301056000
7193.029,120758272,127418368,301056000
7303.901,120786944,128233472,301056000
7414.656,120983552,128987136,301056000
7524.048,118034432,122978304,301056000
7634.603,120553472,128069632,301056000
7743.605,120659968,128405504,301056000
7854.546,120672256,128356352,301056000
7965.065,120811520,129101824,301056000
8075.267,120922112,129048576,301056000
8185.130,120942592,128798720,301056000
8295.899,121028608,129384448,301056000
8420.126,117846016,123449344,301056000
8530.815,121638912,128061440,301056000
8655.178,122167296,129437696,301056000
8780.511,122249216,129875968,301056000
8905.989,122249216,129847296,301056000
9031.025,147271680,156418048,301056000
9156.077,239456256,245428224,301056000
9280.745,393289728,394412032,394412032
9405.093,312705024,313135104,419987456
9530.251,323256320,318083072,419987456
9656.958,216641536,221655040,419987456
9782.361,101048320,108765184,419987456
9907.692,152055808,151945216,419987456
10030.767,166666240,159268864,419987456
10155.085,167821312,160210944,419987456
10280.519,166678528,159367168,419987456
10407.309,171003904,162668544,419987456
10533.696,171016192,162508800,419987456
10658.908,172244992,164319232,419987456
10784.317,174977024,166219776,419987456
10910.226,174018560,166027264,419987456
11021.398,172171264,165171200,419987456
11132.668,172187648,165363712,419987456
11242.864,172576768,166825984,419987456
11351.371,172576768,167010304,419987456
11460.299,173273088,168136704,419987456
11569.281,173289472,168370176,419987456
11677.027,173289472,168210432,419987456
11786.283,173289472,168349696,419987456
11896.384,173981696,168882176,419987456
12004.483,173981696,168923136,419987456
12127.467,174411776,168415232,419987456
12253.448,177991680,171036672,419987456
12377.643,175886336,169701376,419987456
12502.114,177123328,171282432,419987456
12626.242,177123328,171724800,419987456
12752.639,177123328,171761664,419987456
12878.957,177123328,172007424,419987456
13003.676,177147904,171974656,419987456
13126.996,177147904,171859968,419987456
13252.085,177074176,171909120,419987456
13376.834,179470336,173617152,419987456
13500.570,180621312,174874624,419987456
13627.161,179478528,174497792,419987456
13752.465,179478528,174542848,419987456
13876.827,179486720,174354432,419987456
14002.362,179486720,174485504,419987456
14128.512,179486720,174501888,419987456
14239.925,179486720,174362624,419987456
14348.978,180289536,174465024,419987456
14458.203,180289536,174370816,419987456
14567.667,180289536,174497792,419987456
14677.824,180289536,174514176,419987456
14787.128,180289536,174477312,419987456
14897.845,180289536,174370816,419987456
15008.182,180289536,174542848,419987456
15118.024,180289536,174563328,419987456
15228.714,180289536,174452736,419987456
15338.684,116305920,122556416,419987456
15451.736,110395392,116928512,419987456
15573.424,135204864,140058624,419987456
15682.530,160301056,161169408,419987456
15793.584,160190464,160743424,419987456
15902.459,161775616,162414592,419987456
16012.127,161947648,162992128,419987456
16122.240,161947648,163151872,419987456
16232.129,162091008,163307520,419987456
16342.699,162107392,163827712,419987456
16467.119,163274752,165142528,419987456
16577.789,162377728,163905536,419987456
16704.076,162410496,164143104,419987456
16829.976,201904128,206860288,419987456
16954.876,204120064,209793024,419987456
17078.984,70324224,73854976,419987456
17203.086,71655424,74334208,419987456
17329.952,72052736,75931648,419987456
17455.292,72945664,76734464,419987456
17582.175,72945664,77447168,419987456
17706.701,72945664,78389248,419987456
17818.293,88731648,92143616,419987456
17927.880,88731648,92164096,419987456
18037.645,88641536,92954624,419987456
18146.980,89653248,92422144,419987456
18255.746,89653248,93110272,419987456
18365.762,90435584,93499392,419987456
18475.682,90435584,92905472,419987456
18587.284,89292800,92594176,419987456
18697.251,90435584,93495296,419987456
18807.654,90435584,93130752,419987456
18916.956,90865664,94011392,419987456
19026.871,90865664,94121984,419987456
19137.048,92008448,95264768,419987456
19247.000,92008448,94752768,419987456
19355.589,92008448,94945280,419987456
19465.767,90865664,94289920,419987456
19576.277,92008448,95178752,419987456
19685.615,92008448,94687232,419987456
19796.229,92971008,96075776,419987456
19920.498,92008448,95002624,419987456
20046.025,90865664,94330880,419987456
20169.582,92008448,95248384,419987456
20279.594,92008448,94892032,419987456
20388.851,90865664,94330880,419987456
20500.174,92008448,94822400,419987456
20624.763,92008448,95588352,419987456
20750.456,92008448,94822400,419987456
20876.079,90865664,94466048,419987456
21002.531,90865664,94420992,419987456
21127.332,45006848,57196544,419987456
21251.822,45010944,58224640,419987456
21377.704,78413824,87408640,419987456
21502.893,78413824,87158784,419987456
21628.901,82194432,91607040,419987456
21739.307,82194432,91418624,419987456
21848.945,81051648,91414528,419987456
21958.556,82227200,92606464,419987456
22068.451,82227200,92643328,419987456
22192.212,81084416,91426816,419987456
22302.269,82227200,92434432,419987456
22412.240,82227200,92053504,419987456
22521.902,81879040,92368896,419987456
22633.156,83021824,93212672,419987456
22742.564,83021824,93573120,419987456
22852.912,83021824,93351936,419987456
22962.570,83021824,92782592,419987456
23073.004,81879040,92332032,419987456
23182.602,83021824,92930048,419987456
23294.010,83021824,92930048,419987456
23403.197,81911808,92647424,419987456
23512.560,83054592,93900800,419987456
23621.493,83054592,93220864,419987456
23731.476,83054592,93700096,419987456
23840.435,83054592,93716480,419987456
23950.177,81911808,92704768,419987456
24059.779,83099648,93855744,419987456
24170.991,83099648,93196288,419987456
24296.726,84697088,94146560,419987456
24421.691,84697088,94388224,419987456
24547.186,83554304,93999104,419987456
24674.651,83554304,94318592,419987456
24800.526,84697088,95461376,419987456
24911.434,84713472,94478336,419987456
25021.793,84713472,95174656,419987456
25130.800,83570688,94347264,419987456
25241.683,84713472,94650368,419987456
25351.676,84713472,94650368,419987456
25462.302,83603456,94351360,419987456
25571.057,84779008,94679040,419987456
25681.547,84779008,95092736,419987456
25791.858,83652608,94445568,419987456
25901.815,84795392,95006720,419987456
26012.080,84795392,94932992,419987456
26122.961,83652608,94638080,419987456
26233.261,84795392,94957568,419987456
26359.528,83652608,94638080,419987456
26487.475,84795392,94814208,419987456
26612.142,84795392,95506432,419987456
26737.882,83918848,95182848,419987456
26848.850,83918848,95215616,419987456
26958.056,83918848,95223808,419987456
27066.841,83918848,95223808,419987456
27176.922,83918848,95236096,419987456
27286.813,83918848,95240192,419987456
27397.559,83922944,95244288,419987456
27507.586,83922944,95248384,419987456
27619.999,83922944,95248384,419987456
27730.094,83922944,95256576,419987456
27838.984,83922944,95256576,419987456
27948.193,83922944,95256576,419987456
28058.909,83922944,95256576,419987456
28167.817,83922944,95256576,419987456
28277.866,83922944,95256576,419987456
28387.522,83922944,95256576,419987456
28496.275,83922944,95256576,419987456
28606.223,83922944,95256576,419987456
28715.996,83922944,95256576,419987456
28826.325,83922944,95256576,419987456
28936.171,83922944,95256576,419987456
29061.885,83922944,95256576,419987456
29186.898,83922944,95256576,419987456
29311.875,83922944,95256576,419987456
29437.148,83922944,95256576,419987456
29561.867,83922944,95256576,419987456
29686.785,83922944,95256576,419987456
29811.671,83922944,95256576,419987456
29937.741,83922944,95256576,419987456
30062.953,83824640,95207424,419987456
30187.688,83824640,95207424,419987456
30312.742,83824640,95207424,419987456
30438.440,83824640,95207424,419987456
30565.450,83824640,95215616,419987456
30690.783,83824640,95219712,419987456
30815.345,83824640,95219712,419987456
30926.426,83824640,95219712,419987456
31035.860,83824640,95219712,419987456
31145.862,83824640,95219712,419987456
31257.165,83824640,95219712,419987456
31367.221,83824640,95219712,419987456
31477.344,83824640,95219712,419987456
31588.639,83824640,95219712,419987456
31698.461,83824640,95219712,419987456
31809.296,83824640,95240192,419987456
31920.667,83824640,95158272,419987456
32045.772,83824640,95166464,419987456
32173.184,83824640,95174656,419987456
32300.124,83955712,95379456,419987456
32425.347,86323200,96747520,419987456
32550.315,210284544,218423296,419987456
32676.335,302628864,307089408,419987456
32786.854,216121344,221544448,419987456
32897.175,157286400,166555648,419987456
33007.522,158429184,167694336,419987456
33115.710,157290496,166981632,419987456
33223.415,157290496,167002112,419987456
33348.152,157290496,166977536,419987456
33473.959,157290496,166973440,419987456
33582.950,157290496,166973440,419987456
33692.220,157290496,167047168,419987456
33816.911,157290496,167038976,419987456
33940.973,157290496,166989824,419987456
34065.681,157290496,167014400,419987456
34192.890,157290496,167018496,419987456
34317.828,157290496,167022592,419987456
34440.746,157290496,167006208,419987456
34566.400,157290496,167055360,419987456
34691.305,157290496,167030784,419987456
34803.308,157290496,166998016,419987456
34924.624,157290496,167022592,419987456
35048.919,157290496,166993920,419987456
35174.663,157290496,167014400,419987456
35298.665,157290496,167026688,419987456
35424.044,157290496,167026688,419987456
35547.560,157290496,167010304,419987456
35672.738,157290496,167006208,419987456
35797.723,157290496,167022592,419987456
35922.726,157290496,167038976,419987456
36045.755,157290496,167043072,419987456
36170.669,157290496,166998016,419987456
36297.039,157290496,167075840,419987456
36422.033,157356032,167739392,419987456
36547.967,156213248,166203392,419987456
36672.620,157356032,167309312,419987456
36796.265,156213248,166232064,419987456
36922.472,157356032,167100416,419987456
37047.294,156213248,166277120,419987456
37171.927,156213248,166682624,419987456
37298.262,156213248,166436864,419987456
37423.187,157356032,167018496,419987456
37548.357,156213248,166359040,419987456
37674.790,156213248,166592512,419987456
37800.746,156213248,166436864,419987456
37910.787,87179264,96866304,419987456
38035.884,138416128,140509184,419987456
38160.047,138428416,144392192,419987456
38284.941,139350016,145223680,419987456
38409.211,139350016,145149952,419987456
38535.586,140337152,145936384,419987456
38659.562,140337152,146124800,419987456
38784.599,140390400,146788352,419987456
38908.698,140390400,146927616,419987456
39034.300,140464128,147828736,419987456
39158.686,140464128,147406848,419987456
39283.002,140464128,147853312,419987456
39409.012,140464128,147513344,419987456
39533.875,140464128,148135936,419987456
39658.813,142077952,148836352,419987456
39783.651,142098432,149094400,419987456
39907.293,142168064,149839872,419987456
40032.017,142168064,149614592,419987456
40156.739,143310848,150028288,419987456
40281.177,142233600,149585920,419987456
40407.772,143376384,150925312,419987456
40531.610,142254080,150261760,419987456
40657.695,143396864,151175168,419987456
40782.460,142299136,150429696,419987456
40907.546,142299136,150458368,419987456
41032.137,142299136,150536192,419987456
41157.068,146505728,152809472,419987456
41280.501,143446016,151310336,419987456
41406.268,142303232,150425600,419987456
41530.778,142315520,150601728,419987456
41655.565,142315520,150601728,419987456
41778.592,143368192,151150592,419987456
41887.911,143495168,150622208,419987456
41998.440,142352384,150310912,419987456
42105.559,142352384,150962176,419987456
42215.697,144457728,151990272,419987456
42323.310,142352384,150933504,419987456
42431.446,142352384,150548480,419987456
42538.861,142352384,150949888,419987456
42649.109,142352384,150671360,419987456
42759.225,143249408,151306240,419987456
42869.013,143249408,151334912,419987456
42978.337,144113664,152240128,419987456
43087.896,145072128,153735168,419987456
43198.065,145092608,153870336,419987456
43307.279,145092608,153886720,419987456
43416.579,145100800,153890816,419987456
43525.989,145100800,153890816,419987456
43637.420,145100800,153903104,419987456
43745.165,145104896,153911296,419987456
43854.115,145104896,153952256,419987456
43964.968,145104896,153935872,419987456
44075.073,145108992,153948160,419987456
44185.644,145117184,153964544,419987456
44294.628,145117184,153980928,419987456
44403.599,145117184,153968640,419987456
44513.841,145117184,153985024,419987456
44622.909,145117184,153980928,419987456
44731.394,145125376,153976832,419987456
44840.221,145141760,154030080,419987456
44951.042,145141760,154025984,419987456
45059.810,145141760,154017792,419987456
45168.413,145141760,154017792,419987456
45277.535,145166336,154058752,419987456
45386.777,145166336,154066944,419987456
45497.215,145166336,154042368,419987456
45604.694,145166336,154062848,419987456
45713.267,145166336,154075136,419987456
45822.168,145166336,154034176,419987456
45932.715,145166336,154083328,419987456
46042.046,145166336,154062848,419987456
46151.467,145166336,154030080,419987456
46260.221,145166336,154046464,419987456
46368.861,145174528,154042368,419987456
46478.471,145174528,154038272,419987456
46588.207,145174528,154030080,419987456
46698.094,145174528,154046464,419987456
46807.739,145174528,154025984,419987456
46916.827,145174528,154038272,419987456
47026.306,145174528,154054656,419987456
47136.735,145182720,154062848,419987456
47246.660,145182720,154062848,419987456
47356.323,145182720,154071040,419987456
47466.152,145182720,154071040,419987456
47574.697,145182720,154079232,419987456
47685.554,145182720,154066944,419987456
47794.802,145182720,154071040,419987456
47903.921,145182720,154071040,419987456
48011.941,145182720,154058752,419987456
48121.120,145182720,154075136,419987456
48228.778,145182720,154083328,419987456
48337.531,145182720,154062848,419987456
48447.464,145182720,154087424,419987456
48557.400,145182720,154066944,419987456
48667.196,145182720,154062848,419987456
48775.387,145182720,154075136,419987456
48883.523,145182720,154071040,419987456
48993.141,145182720,154079232,419987456
49103.134,145182720,154079232,419987456
49211.403,145182720,154046464,419987456
49321.736,145182720,154050560,419987456
49430.891,145182720,154083328,419987456
49542.017,145182720,154046464,419987456
49650.594,145182720,154050560,419987456
49760.244,145182720,154075136,419987456
49870.056,145182720,154058752,419987456
49978.603,145182720,154087424,419987456
50087.613,145182720,154046464,419987456
50198.152,145182720,154075136,419987456
50306.634,145182720,154099712,419987456
50417.709,145182720,154091520,419987456
50527.161,145182720,154083328,419987456
50635.655,145182720,154099712,419987456
50746.956,145182720,154107904,419987456
50857.515,145182720,154099712,419987456
50967.015,145182720,154087424,419987456
51076.337,145182720,154091520,419987456
51202.493,145182720,154079232,419987456
51326.690,145182720,154099712,419987456
51451.265,145182720,154091520,419987456
51562.527,145182720,154112000,419987456
51688.096,145182720,154095616,419987456
51812.751,145182720,154087424,419987456
51938.677,145182720,154066944,419987456
52062.922,145182720,154066944,419987456
52188.509,145182720,154083328,419987456
52313.944,145182720,154066944,419987456
52440.323,149389312,156467200,419987456
52565.445,162566144,173428736,419987456
52691.242,162566144,173436928,419987456
52802.373,162566144,173436928,419987456
52911.985,162566144,173436928,419987456
53021.660,163307520,174202880,419987456
53130.971,164048896,174804992,419987456
53254.579,208420864,182292480,419987456
53379.291,280154112,287023104,419987456
53501.553,434003968,434204672,434204672
53628.599,329314304,332464128,434237440
53753.810,329216000,332857344,434237440
53863.608,251539456,256536576,434237440
53973.405,251539456,257552384,434237440
54085.568,248086528,252878848,434237440
54196.535,248086528,252715008,434237440
54303.908,248086528,252624896,434237440
54415.154,246841344,251449344,434237440
54524.812,246841344,251424768,434237440
54634.589,245714944,250449920,434237440
54742.090,245714944,250429440,434237440
54851.592,245714944,250433536,434237440
54961.209,244580352,249368576,434237440
55070.418,243363840,248188928,434237440
55180.416,243363840,248229888,434237440
55289.713,243363840,248250368,434237440
55399.400,242020352,246943744,434237440
55510.302,242020352,246935552,434237440
55618.050,242020352,246976512,434237440
55726.497,242020352,247025664,434237440
55837.236,242020352,247001088,434237440
55945.641,242020352,247001088,434237440
56055.652,242020352,246992896,434237440
56164.424,242020352,247025664,434237440
56274.325,242020352,247050240,434237440
56382.692,242020352,247029760,434237440
56494.223,153227264,159367168,434237440
56602.801,154247168,160407552,434237440
56711.477,154644480,160804864,434237440
56822.573,155463680,161976320,434237440
56933.131,155496448,162111488,434237440
57042.742,155897856,162713600,434237440
57151.584,156303360,162926592,434237440
57261.825,156303360,163069952,434237440
57373.000,156303360,163110912,434237440
57481.756,156725248,163602432,434237440
57589.751,156725248,163528704,434237440
57699.646,157569024,164433920,434237440
57809.999,157593600,164524032,434237440
57920.000,157593600,164483072,434237440
58046.687,157593600,164483072,434237440
58169.064,157593600,164495360,434237440
58277.852,157618176,164474880,434237440
58386.804,157618176,164528128,434237440
58497.624,158486528,165347328,434237440
58606.406,158486528,165359616,434237440
58717.058,158486528,165380096,434237440
58827.668,158486528,165322752,434237440
58953.772,159424512,165875712,434237440
59078.562,159424512,165912576,434237440
59204.989,159424512,165945344,434237440
59331.972,159424512,166080512,434237440
59456.593,159424512,166064128,434237440
59582.409,160391168,166748160,434237440
59692.418,160391168,166797312,434237440
59802.353,160391168,166825984,434237440
59925.132,160391168,166805504,434237440
60049.473,160391168,166805504,434237440
60174.855,160391168,166854656,434237440
60299.708,160882688,167309312,434237440
60423.540,160882688,167587840,434237440
60546.564,160882688,167542784,434237440
60673.086,160882688,167563264,434237440
60797.293,161374208,167804928,434237440
60923.401,161374208,167780352,434237440
61048.179,161374208,167845888,434237440
61174.075,161869824,168124416,434237440
61298.330,161869824,168062976,434237440
61423.428,162365440,168521728,434237440
61547.407,194924544,195538944,434237440
61671.040,196128768,195674112,434237440
61795.468,197271552,196755456,434237440
61920.829,197271552,196915200,434237440
62046.452,200335360,199684096,434237440
62171.307,196128768,196755456,434237440
62297.103,196128768,196657152,434237440
62420.727,197619712,197558272,434237440
62545.072,197619712,197742592,434237440
62668.456,137973760,142012416,434237440
62778.067,170663936,168882176,434237440
62888.072,187039744,185217024,434237440
62997.287,189005824,187494400,434237440
63106.353,189104128,188723200,434237440
63216.075,189104128,188846080,434237440
63327.530,189104128,188940288,434237440
63451.244,189980672,189173760,434237440
63560.367,189980672,189202432,434237440
63670.502,190083072,189685760,434237440
63796.179,191225856,190234624,434237440
63919.652,190091264,190222336,434237440
64029.200,191234048,191504384,434237440
64137.376,190107648,190820352,434237440
64247.283,191057920,190922752,434237440
64357.466,191057920,190930944,434237440
64467.133,191107072,190988288,434237440
64576.799,191107072,191135744,434237440
64701.801,191115264,191156224,434237440
64810.888,192258048,191762432,434237440
64919.831,192495616,191959040,434237440
65029.700,192548864,192561152,434237440
65156.646,192548864,192577536,434237440
65281.113,192581632,193282048,434237440
65406.140,193724416,193478656,434237440
65531.516,192630784,193327104,434237440
65655.221,192630784,193417216,434237440
65780.063,192630784,193421312,434237440
65905.048,192630784,193449984,434237440
66030.852,192630784,193421312,434237440
66155.847,193773568,194387968,434237440
66280.933,192630784,193421312,434237440
66406.356,192630784,193527808,434237440
66532.093,192630784,193613824,434237440
66657.475,192655360,193634304,434237440
66782.198,192655360,193634304,434237440
66906.750,192655360,193708032,434237440
67032.171,193798144,194854912,434237440
67156.392,192659456,193695744,434237440
67281.185,192659456,193703936,434237440
67405.815,192659456,193712128,434237440
67529.452,192659456,193761280,434237440
67639.565,192659456,193757184,434237440
67764.798,192659456,193781760,434237440
67875.330,192659456,193785856,434237440
68000.888,192692224,193826816,434237440
68124.127,192692224,193826816,434237440
68249.988,192692224,193843200,434237440
68375.598,193835008,193941504,434237440
68501.234,193560576,193826816,434237440
68626.668,193560576,193843200,434237440
68750.955,193560576,193859584,434237440
68876.147,193560576,193859584,434237440
68999.909,193560576,193855488,434237440
69126.614,193560576,193921024,434237440
69252.102,193560576,193851392,434237440
69375.274,193589248,193937408,434237440
69498.851,193589248,193953792,434237440
69624.127,193626112,194002944,434237440
69750.281,196087808,196907008,434237440
69874.368,196210688,197013504,434237440
69998.380,196239360,197087232,434237440
70108.191,196239360,197160960,434237440
70232.225,196239360,197148672,434237440
70341.909,196239360,197165056,434237440
70451.682,196239360,197148672,434237440
70577.944,196263936,197136384,434237440
70703.088,196272128,197115904,434237440
70828.811,196272128,197148672,434237440
70954.624,196304896,197263360,434237440
71080.278,196308992,197279744,434237440
71206.172,196313088,197320704,434237440
71332.507,196317184,197349376,434237440
71456.512,196317184,197382144,434237440
71581.996,196325376,197378048,434237440
71706.547,196329472,197406720,434237440
71831.286,196337664,197394432,434237440
71956.481,196337664,197398528,434237440
72080.808,196337664,197443584,434237440
72207.894,196337664,197468160,434237440
72331.764,196337664,197464064,434237440
72456.529,196349952,197423104,434237440
72579.340,196362240,197439488,434237440
72704.420,196374528,197472256,434237440
72830.812,196374528,197382144,434237440
72955.647,196374528,197410816,434237440
73078.830,153661440,158978048,434237440
73203.404,154021888,160161792,434237440
73329.269,154071040,160440320,434237440
73454.722,154071040,160628736,434237440
73577.795,154075136,160813056,434237440
73702.702,154079232,160817152,434237440
73826.740,154419200,161153024,434237440
73953.681,154550272,161497088,434237440
74076.100,154550272,161562624,434237440
74186.429,154583040,161640448,434237440
74310.688,154632192,161685504,434237440
74435.061,154689536,161837056,434237440
74543.935,154689536,161845248,434237440
74654.048,154689536,161849344,434237440
74764.788,154705920,162009088,434237440
74888.857,154705920,161959936,434237440
74998.350,154710016,161943552,434237440
75106.514,154710016,161964032,434237440
75215.663,154710016,161968128,434237440
75324.840,154710016,161996800,434237440
75434.518,154718208,161968128,434237440
75542.798,154836992,162103296,434237440
75652.070,154841088,162119680,434237440
75763.315,154849280,162099200,434237440
75872.354,154857472,162111488,434237440
75980.928,154865664,162107392,434237440
76089.495,154865664,162095104,434237440
76199.768,154865664,162123776,434237440
76308.838,154865664,162201600,434237440
76419.083,154865664,162172928,434237440
76529.406,154914816,162193408,434237440
76655.103,154914816,162185216,434237440
76781.417,154914816,162213888,434237440
76906.354,154914816,162263040,434237440
77030.871,154939392,162242560,434237440
77157.885,154963968,162304000,434237440
77281.960,154988544,162287616,434237440
77408.496,154988544,162291712,434237440
77532.317,154988544,162344960,434237440
77656.818,154988544,162340864,434237440
77781.992,154988544,162291712,434237440
77906.583,154988544,162308096,434237440
78031.772,154988544,162299904,434237440
78156.315,154988544,162328576,434237440
78282.525,154988544,162312192,434237440
78407.508,154988544,162328576,434237440
78533.237,154988544,162324480,434237440
78657.621,154988544,162320384,434237440
78781.730,154988544,162349056,434237440
78908.053,154988544,162365440,434237440
79033.441,154988544,162328576,434237440
79158.400,154988544,162304000,434237440
79284.887,154988544,162320384,434237440
79409.265,154988544,162308096,434237440
79534.117,155373568,162496512,434237440
79656.480,155373568,162689024,434237440
79781.737,155373568,162729984,434237440
79906.738,155373568,162754560,434237440
80029.549,155373568,162746368,434237440
80137.001,155373568,162783232,434237440
80243.927,155373568,162783232,434237440
80351.802,155373568,162746368,434237440
80460.737,155373568,162754560,434237440
80570.640,155373568,162746368,434237440
80678.287,155373568,162750464,434237440
80786.690,155373568,162721792,434237440
80896.750,155373568,162721792,434237440
81006.097,155373568,162746368,434237440
81114.381,155373568,162758656,434237440
81237.251,155373568,162742272,434237440
81363.491,155373568,162783232,434237440
81487.678,155373568,162750464,434237440
81613.643,155377664,162758656,434237440
81722.702,155377664,162795520,434237440
81848.023,155377664,162770944,434237440
81958.765,155381760,162754560,434237440
82066.775,155766784,163016704,434237440
82177.371,155766784,163160064,434237440
82286.808,155766784,163127296,434237440
82396.830,155766784,163135488,434237440
82506.044,155766784,163147776,434237440
82615.215,155766784,163155968,434237440
82725.250,155766784,163184640,434237440
82833.040,155766784,163184640,434237440
82956.374,155766784,163160064,434237440
83066.660,155791360,163151872,434237440
83191.787,155791360,163147776,434237440
83314.694,155791360,163164160,434237440
83442.120,155811840,163221504,434237440
83551.553,155811840,163209216,434237440
83662.137,155811840,163221504,434237440
83770.492,155811840,163233792,434237440
83894.498,155832320,163221504,434237440
84017.568,155832320,163196928,434237440
84143.200,155832320,163196928,434237440
84267.448,155832320,163184640,434237440
84391.622,155832320,163196928,434237440
84515.825,155832320,163192832,434237440
84641.365,155832320,163151872,434237440
84766.634,155832320,163180544,434237440
84891.671,155832320,163176448,434237440
85016.885,190005248,190152704,434237440
85142.699,216489984,222998528,434237440
85268.010,216489984,223039488,434237440
85393.569,216489984,223039488,434237440
85517.341,216489984,223039488,434237440
85641.400,216489984,223039488,434237440
85766.043,218267648,225021952,434237440
85890.538,218267648,224964608,434237440
86014.569,218267648,224927744,434237440
